{
    "counter": {
        "ACTIVE": 19395,
        "INACTIVE": 1605,
        "INVALID": 0,
        "MALICIOUS": 0,
        "SANE": 0,
        "VALID": 0,
        "total": 21000
    },
    "percentage": {
        "ACTIVE": 92.36154102576313,
        "INACTIVE": 7.642857142857143,
        "INVALID": 0,
        "MALICIOUS": 0,
        "SANE": 0,
        "VALID": 0,
        "total": 100.00439816862027
    }
}