{
    "counter": {
        "ACTIVE": 19256,
        "INACTIVE": 1744,
        "INVALID": 0,
        "MALICIOUS": 0,
        "SANE": 0,
        "VALID": 0,
        "total": 21000
    },
    "percentage": {
        "ACTIVE": 91.6952380952381,
        "INACTIVE": 8.31069811770312,
        "INVALID": 0,
        "MALICIOUS": 0,
        "SANE": 0,
        "VALID": 0,
        "total": 100.00593621294122
    }
}