{
    "counter": {
        "ACTIVE": 16653,
        "INACTIVE": 4346,
        "INVALID": 1,
        "MALICIOUS": 0,
        "SANE": 0,
        "VALID": 0,
        "total": 21000
    },
    "percentage": {
        "ACTIVE": 79.3,
        "INACTIVE": 20.707070707070706,
        "INVALID": 0.009138261902586127,
        "MALICIOUS": 0,
        "SANE": 0,
        "VALID": 0,
        "total": 100.0162089689733
    }
}