{
    "counter": {
        "ACTIVE": 19190,
        "INACTIVE": 1810,
        "INVALID": 0,
        "MALICIOUS": 0,
        "SANE": 0,
        "VALID": 0,
        "total": 21000
    },
    "percentage": {
        "ACTIVE": 91.3853040620982,
        "INACTIVE": 8.619047619047619,
        "INVALID": 0,
        "MALICIOUS": 0,
        "SANE": 0,
        "VALID": 0,
        "total": 100.00435168114582
    }
}