{
    "counter": {
        "ACTIVE": 19038,
        "INACTIVE": 1962,
        "INVALID": 0,
        "MALICIOUS": 0,
        "SANE": 0,
        "VALID": 0,
        "total": 21000
    },
    "percentage": {
        "ACTIVE": 90.66146006952712,
        "INACTIVE": 9.342857142857143,
        "INVALID": 0,
        "MALICIOUS": 0,
        "SANE": 0,
        "VALID": 0,
        "total": 100.00431721238427
    }
}