{
    "counter": {
        "ACTIVE": 18667,
        "INACTIVE": 2333,
        "INVALID": 0,
        "MALICIOUS": 0,
        "SANE": 0,
        "VALID": 0,
        "total": 21000
    },
    "percentage": {
        "ACTIVE": 88.89470927187008,
        "INACTIVE": 11.10952380952381,
        "INVALID": 0,
        "MALICIOUS": 0,
        "SANE": 0,
        "VALID": 0,
        "total": 100.00423308139389
    }
}