{
    "counter": {
        "ACTIVE": 18063,
        "INACTIVE": 2937,
        "INVALID": 0,
        "MALICIOUS": 0,
        "SANE": 0,
        "VALID": 0,
        "total": 21000
    },
    "percentage": {
        "ACTIVE": 86.01428571428572,
        "INACTIVE": 13.985714285714286,
        "INVALID": 0.0,
        "MALICIOUS": 0.0,
        "SANE": 0.0,
        "VALID": 0.0,
        "total": 100.0
    }
}