{
    "counter": {
        "ACTIVE": 16356,
        "INACTIVE": 4644,
        "INVALID": 0,
        "MALICIOUS": 0,
        "SANE": 0,
        "VALID": 0,
        "total": 21000
    },
    "percentage": {
        "ACTIVE": 77.88571428571429,
        "INACTIVE": 22.122713414634145,
        "INVALID": 0,
        "MALICIOUS": 0,
        "SANE": 0,
        "VALID": 0,
        "total": 100.00842770034843
    }
}