{
    "counter": {
        "ACTIVE": 18764,
        "INACTIVE": 2236,
        "INVALID": 0,
        "MALICIOUS": 0,
        "SANE": 0,
        "VALID": 0,
        "total": 21000
    },
    "percentage": {
        "ACTIVE": 89.35663603028716,
        "INACTIVE": 10.647619047619047,
        "INVALID": 0,
        "MALICIOUS": 0,
        "SANE": 0,
        "VALID": 0,
        "total": 100.00425507790621
    }
}